,groupId,files,timeRun,perPos,perNeg,perPosDoc,perNegDoc,judgementCount,judgementFrac,avgSD,avgEVC
0,PastorAnderson_train02,10,37.752487897872925,0.08716206052797136,0.05511422068525988,1.0,0.0,70.6,0.09353102950031658,0.6530628598245343,0.5658168206492394
1,WBC_train37,7,8.007689952850342,0.08029950184102048,0.07941071474393949,0.42857142857142855,0.5714285714285714,27.428571428571427,0.20876500413177618,0.6123767864060762,0.6599591515759249
2,DorothyDay_train42,10,4.710681915283203,0.0861641760160918,0.042684615716918804,1.0,0.0,8.6,0.1602233410169818,0.6784717675210258,0.4753459272797126
3,Shepherd_train43,10,11.571453094482422,0.09469031003466517,0.06626102844326191,0.9,0.09999999999999998,18.2,0.07397448498211742,0.48815633666080194,0.542806642055682
4,DorothyDay_train66,10,7.4780638217926025,0.10651642802722479,0.03969431559474072,1.0,0.0,14.9,0.17574820809168046,0.6222567074345674,0.5792535730123489
5,JohnPiper_train01,10,9.846925973892212,0.10428624792700539,0.042364939435842554,1.0,0.0,19.3,0.12331453942158832,0.6857743794317175,0.595124422522869
6,Shepherd_test02,10,11.376116037368774,0.09346725609402742,0.05208322275254264,1.0,0.0,18.6,0.061858433891101496,0.5233475077022172,0.41721266009992375
7,Shepherd_train05,10,12.744298934936523,0.10590743624540062,0.05532311737617309,1.0,0.0,21.0,0.07106400204028207,0.5182826477973449,0.5626489714543329
8,Shepherd_train11,10,10.282423973083496,0.09456699925409019,0.06112997282044602,0.8,0.19999999999999996,15.4,0.07311118605129638,0.5578469341007144,0.528162900526098
9,NaumanKhan_train04,10,14.595810890197754,0.0837134824777763,0.03166066739003994,1.0,0.0,27.0,0.14039169908801652,0.5187663355200757,0.5443257545007028
10,Rabbinic_train04,10,8.056173086166382,0.09339140161459339,0.04213199604904906,1.0,0.0,21.1,0.2591259277380872,0.6891950993366798,0.5815210479027716
11,JohnPiper_train10,10,9.703262090682983,0.09231614288220051,0.04798230965078429,1.0,0.0,15.1,0.10602140683311363,0.5784943134302468,0.4913056279447773
12,Shepherd_train32,10,11.025722980499268,0.10681971649553983,0.05160742469439324,1.0,0.0,15.0,0.054907983038559836,0.579328569101724,0.5274646133665093
13,Shepherd_train08,10,10.8903648853302,0.09597904919740591,0.05723451779586528,0.9,0.09999999999999998,18.2,0.09312034549140714,0.5133278241262669,0.4564466962432352
14,Shepherd_train27,10,12.15404486656189,0.09760016949816584,0.05674886863036329,0.9,0.09999999999999998,17.2,0.0568679912203951,0.5341454586860578,0.5649157653189855
15,Rabbinic_train00,10,8.054251194000244,0.09516250768444334,0.030705770788887386,1.0,0.0,20.5,0.26209255817804294,0.678243964784319,0.46753329398705396
16,Unitarian_train13,10,14.247169971466064,0.1053592293585112,0.04555360288982223,1.0,0.0,23.2,0.11237778956659675,0.6361264087697759,0.5159420540633898
17,PastorAnderson_train10,10,36.61534094810486,0.08355173294904698,0.049996294430936665,0.9,0.09999999999999998,52.9,0.07178617622393575,0.6272357660541494,0.6679197898532838
18,PastorAnderson_train12,10,39.66796684265137,0.08360256933856627,0.046987049739027245,1.0,0.0,63.0,0.06605133651338467,0.6619215684644301,0.6472464063422884
19,PastorAnderson_train11,10,32.72073698043823,0.08154077033725353,0.05112652529640427,1.0,0.0,58.5,0.08565902594197258,0.6566507589582545,0.7560588837171318
20,Shepherd_train60,10,10.76835012435913,0.097776522822469,0.05723378270741848,1.0,0.0,15.5,0.06559407412158942,0.5471548881925996,0.5553760854094928
21,PastorAnderson_test02,3,7.967903137207031,0.0812082810065629,0.054586953119433346,1.0,0.0,51.666666666666664,0.12871262504291478,0.6711271212037273,0.5392349780601285
22,WBC_train01,10,11.444036960601807,0.08556813064684524,0.07666568062761124,0.6,0.4,28.7,0.1917214154199305,0.5981009848578485,0.6427004721655156
23,JohnPiper_train26,10,9.572386026382446,0.10447293591748404,0.05362567823020612,1.0,0.0,21.6,0.13986428441730298,0.617170685500936,0.610276146961984
24,DorothyDay_train68,10,5.510082006454468,0.09091184302111043,0.03442281613090766,1.0,0.0,11.1,0.17035496996911303,0.6737386772797624,0.6616972644211797
25,DorothyDay_train10,10,8.09705400466919,0.08438656055951564,0.038631338877926955,1.0,0.0,13.7,0.12915484570080926,0.615550864368064,0.5938230226186411
26,WBC_train09,10,12.352070093154907,0.09075044366412524,0.07681044482848527,0.5,0.5,28.5,0.18638378554865895,0.6559955326164445,0.6117820890479686
27,WBC_train03,10,12.704647064208984,0.08911461761899338,0.0729317532018382,0.7,0.30000000000000004,33.1,0.1990284740730485,0.6021577727804062,0.7178813896507208
28,PastorAnderson_train07,10,37.397722005844116,0.0789338881406299,0.05141913822071248,0.9,0.09999999999999998,62.1,0.0715579476625875,0.6042205957914853,0.6255356916131749
29,WBC_train35,10,12.029122829437256,0.08455013481843163,0.08236423417268574,0.6,0.4,29.7,0.20265736176034332,0.6060824611744937,0.6833547598859189
30,JohnPiper_train04,10,10.563682079315186,0.1027966298364195,0.04144328329111292,1.0,0.0,21.2,0.1269683745024259,0.6537527416234007,0.6799054468101743
31,Shepherd_train51,10,12.210162878036499,0.0977202710056796,0.06232971261985769,1.0,0.0,18.6,0.07228633222575705,0.5219921464590196,0.47246726065618005
32,Unitarian_train19,10,15.408355951309204,0.10087166207987837,0.039516450042793534,1.0,0.0,27.3,0.12235960045724097,0.5991908436609904,0.5566485476560803
33,WBC_train20,10,10.194676160812378,0.08011170901796763,0.07981578450653125,0.4,0.6,24.0,0.19737318242638402,0.6578091427448974,0.6314465075513995
34,Shepherd_train06,10,10.970229148864746,0.09357200614242081,0.05211185147709306,1.0,0.0,17.8,0.0714155304009387,0.5409224718002631,0.591707978508962
35,Shepherd_train14,10,10.623281002044678,0.10191586172276294,0.05234776989725225,1.0,0.0,17.1,0.07949234581370519,0.541390618118099,0.6624070163908344
36,WBC_train36,10,12.104429960250854,0.08279828136245752,0.07918495212328244,0.6,0.4,31.6,0.2313950248390527,0.6404951003676681,0.6719100427366753
37,WBC_train30,10,10.473292112350464,0.07694823103948484,0.07826276380914063,0.5,0.5,24.8,0.199750788312319,0.6368241783783399,0.5608642707554311
38,NaumanKhan_train00,10,18.87034010887146,0.0886088622230514,0.030972115804334295,1.0,0.0,39.8,0.20044946262667324,0.5759583300403708,0.373034506675531
39,Shepherd_train35,10,9.977626085281372,0.10167781691731745,0.05287981209647232,1.0,0.0,13.5,0.05416936522337684,0.5361647134607387,0.4872395326466676
40,DorothyDay_train34,10,8.68782901763916,0.09037871938450584,0.041561640260006784,1.0,0.0,17.1,0.16020666336468226,0.6590591483234955,0.7027762325158244
41,Unitarian_test00,10,15.294095039367676,0.10506627670985805,0.03857294886222329,1.0,0.0,27.1,0.11854129446472317,0.6037928596187987,0.55188004022184
42,JohnPiper_test02,10,10.478843927383423,0.10503081166857371,0.050660187613641675,0.9,0.09999999999999998,19.3,0.12322641751557195,0.608683033917178,0.4315151876348673
43,Shepherd_train24,10,11.27604603767395,0.09982460143703663,0.052821390499460365,1.0,0.0,15.4,0.06691247578611399,0.5286396552020668,0.5972863946376558
44,DorothyDay_train03,10,5.442223072052002,0.09318499911981781,0.03667412116104488,1.0,0.0,9.8,0.16848973847882634,0.6125636691842797,0.6837756723313155
45,DorothyDay_train39,10,7.230955123901367,0.09270751776724945,0.03192889125564153,0.9,0.09999999999999998,14.5,0.14486206552905564,0.5836269864705762,0.44752467388997097
46,DorothyDay_test02,10,8.000436782836914,0.09693075968375159,0.044154924629176764,1.0,0.0,13.5,0.13667697096836698,0.6601228970134042,0.5054301164381785
47,Unitarian_train07,10,14.938225984573364,0.09920339846917318,0.04815301634501344,1.0,0.0,24.1,0.10959051457733564,0.5456981762305855,0.28942986827987355
48,JohnPiper_train34,10,9.522765874862671,0.10577959309823193,0.045708555512290895,1.0,0.0,18.6,0.1250645743633636,0.6134801570473668,0.6150436314288361
49,JohnPiper_train48,10,9.396692991256714,0.09704390147996943,0.0460938903540735,1.0,0.0,20.4,0.13169174671384845,0.6863589266939115,0.4924954050106852
50,Shepherd_train20,10,12.302098035812378,0.10471346206347705,0.06122334494875129,1.0,0.0,19.0,0.065909987243709,0.5273260421741442,0.4824542937138131
51,JohnPiper_train40,10,8.899492025375366,0.10357640265060242,0.056042372439637264,1.0,0.0,19.2,0.13276871263385928,0.662672636377116,0.5060247928594628
52,DorothyDay_train45,10,11.229038953781128,0.0870539162026894,0.03731648692154433,1.0,0.0,20.9,0.13760481942525316,0.6572196119208408,0.4657479379037121
53,JohnPiper_train25,10,10.661975145339966,0.09991619512189162,0.04958394604592833,0.9,0.09999999999999998,20.1,0.11430181896934319,0.6927265226981854,0.5813730550542537
54,Shepherd_train50,10,12.35711407661438,0.09657606811876669,0.0594702306133551,1.0,0.0,19.7,0.07936945039876328,0.5692223519379702,0.4745788896603571
55,WBC_train07,10,10.210755825042725,0.08072071075487622,0.08445997288565245,0.4,0.6,26.6,0.20555857637482805,0.6481404521251876,0.5754782160608967
56,Shepherd_train17,10,10.94831395149231,0.09647065052188494,0.056545049836089045,0.9,0.09999999999999998,17.6,0.06847152069354571,0.5727385253627684,0.6990287091286639
57,DorothyDay_train50,10,8.784198999404907,0.0889727357922853,0.04171448828805792,1.0,0.0,16.1,0.1578231323085276,0.6186910088304627,0.6555108628217072
58,DorothyDay_train48,10,8.30105209350586,0.08875624839931842,0.045717386131713444,1.0,0.0,16.0,0.1693280102265001,0.7197843496786461,0.7166118752065914
59,Shepherd_train49,10,10.59230089187622,0.10606272188440798,0.05052667965802217,1.0,0.0,17.9,0.09466676398720524,0.5580412443965359,0.33698024827095335
60,Shepherd_train48,10,10.77149486541748,0.10180842322529723,0.05431874290734271,1.0,0.0,18.0,0.06954650807771376,0.5405539132125377,0.6062948556838508
61,WBC_train06,10,11.242530107498169,0.079539141930118,0.06886609863619696,0.6,0.4,24.0,0.16477748114841206,0.6356197807700155,0.6360492320912947
62,JohnPiper_train07,10,10.095074892044067,0.10152361102429057,0.06499333236470257,0.9,0.09999999999999998,21.5,0.13708660679289614,0.5989114737529684,0.47726488659257854
63,WBC_train28,10,13.103513956069946,0.0761207095570066,0.08085174510712487,0.5,0.5,31.5,0.1994883190449676,0.6240515754517992,0.642421559976383
64,Shepherd_train03,10,10.841479778289795,0.09217178413556164,0.06298635954464187,1.0,0.0,16.2,0.07191599176551738,0.555341774286884,0.5791158342015771
65,DorothyDay_train26,10,8.066415071487427,0.08720598620043148,0.03736655386948903,1.0,0.0,15.6,0.15765595537609367,0.6367834590050881,0.4384974702507048
66,WBC_test00,10,12.93957805633545,0.08082625924429077,0.07611377705312572,0.5,0.5,33.6,0.19836585390706185,0.6617231530706672,0.617444860775278
67,Shepherd_test03,10,9.877058982849121,0.10141214807212158,0.04955468229584589,0.9,0.09999999999999998,15.5,0.07312433507206603,0.5346378572872694,0.5547121870213745
68,Shepherd_train38,10,12.720322847366333,0.10001452997262428,0.05597581739238507,1.0,0.0,19.1,0.05575989415310147,0.5450808930685171,0.5463869484858731
69,DorothyDay_train37,10,6.309484958648682,0.0929328111688072,0.04413390791100555,0.9,0.09999999999999998,12.7,0.182996045634847,0.6158284718388608,0.569523175767137
70,DorothyDay_train29,10,6.165177822113037,0.08737280336541683,0.030642188044572395,1.0,0.0,13.8,0.1909141328619583,0.6727322410727298,0.6657246484252101
71,WBC_train14,10,11.547739028930664,0.07798327613242936,0.06263657693593462,0.7,0.30000000000000004,24.2,0.1606965410248387,0.6431737476256029,0.6406748904765903
72,Shepherd_train29,10,10.767911911010742,0.1040990618960953,0.056440010639748225,1.0,0.0,13.5,0.051897777545279286,0.5325772451587645,0.6518775549599061
73,DorothyDay_train04,10,8.049338102340698,0.08769728863338795,0.04009088042769943,1.0,0.0,14.8,0.15521586455727904,0.6403398267638888,0.5574986039415583
74,DorothyDay_test01,10,8.691884994506836,0.08769680646360904,0.03251923893206327,1.0,0.0,17.8,0.1744207403183295,0.6007255823900973,0.6680812095725284
75,NaumanKhan_train07,5,8.868920087814331,0.08449068176745732,0.030315918307483987,1.0,0.0,31.6,0.21824729307696486,0.6044498312819896,0.645589334586073
76,Shepherd_train58,10,9.359981060028076,0.09623937158667381,0.04900687351034125,1.0,0.0,12.5,0.05186117052692711,0.5412047669608591,0.5233865735859318
77,JohnPiper_train31,10,9.308155059814453,0.09240551464594979,0.06034511490629335,1.0,0.0,19.1,0.13018637539035077,0.5905722859201369,0.5758614251922649
78,DorothyDay_train19,10,10.584190845489502,0.0851689906238501,0.04217179999428268,0.9,0.09999999999999998,22.8,0.18620785901224823,0.7105076226670168,0.7954806186001392
79,DorothyDay_train46,10,9.423582077026367,0.08654551488129257,0.03959730973545991,1.0,0.0,21.5,0.18403014269927706,0.6334744691616081,0.6145022136636163
80,JohnPiper_train20,10,9.619111061096191,0.10766875012865862,0.05197569643815462,1.0,0.0,17.8,0.11918995958685683,0.6396017355250873,0.6193484057524938
81,DorothyDay_train62,10,8.220842123031616,0.0950472831106847,0.03535268052591932,1.0,0.0,14.8,0.12366051055117899,0.701273877575041,0.5986043079417516
82,Unitarian_train09,10,14.457425832748413,0.0984450626374507,0.05007017653535489,0.9,0.09999999999999998,24.6,0.10651303342429175,0.5783998539630961,0.4888290413693472
83,Unitarian_test02,8,12.581278085708618,0.10075580004655753,0.049772599064745474,1.0,0.0,26.75,0.11052091907921358,0.5929674369317344,0.5348611227590621
84,JohnPiper_train17,10,9.671873092651367,0.0981252572336466,0.044163578334455424,1.0,0.0,22.3,0.15360779031322985,0.6489699861827194,0.5094741542058607
85,DorothyDay_train57,10,11.458098888397217,0.08940427074021047,0.04938935169185538,1.0,0.0,24.2,0.17783130481359,0.6411098254838925,0.544324675615272
86,PastorAnderson_train06,10,39.01431393623352,0.08204761045155375,0.05410481312949004,1.0,0.0,68.0,0.07560260422022931,0.6344275235460299,0.6692001486243606
87,Unitarian_train24,8,10.654391050338745,0.09969501882163567,0.048173207112133874,1.0,0.0,24.875,0.12064832241770967,0.609035192782845,0.5268768722388746
88,Shepherd_train63,10,11.142474174499512,0.10006428576408724,0.0499910881170968,1.0,0.0,15.6,0.06867442750392697,0.5357896485600621,0.5758370240310142
89,JohnPiper_train02,10,10.055622100830078,0.09247639107939552,0.0533510170142585,1.0,0.0,21.0,0.1314021039011419,0.6535048050136695,0.591182980843757
90,DorothyDay_train23,10,8.055360078811646,0.08834162072500115,0.035003062397339184,1.0,0.0,14.1,0.1417822696947694,0.6653116385074564,0.6379601130499922
91,JohnPiper_train43,10,9.797534942626953,0.10055315296366099,0.041552978141853755,1.0,0.0,20.7,0.14190940206414754,0.6058587285519108,0.5346784817035378
92,Shepherd_train44,10,11.269855976104736,0.09212952334430075,0.0720303155587779,0.6,0.4,20.1,0.09835970548029231,0.5893847349844316,0.6212511959121886
93,Shepherd_train23,10,10.716730117797852,0.10131833364928952,0.05515791702923147,1.0,0.0,15.0,0.07418657112615243,0.5504803916455767,0.4029222135809144
94,WBC_train21,10,11.530882120132446,0.0865779839585053,0.07290619077296003,0.6,0.4,26.5,0.19007573976990005,0.6728960785713294,0.5795593370276153
95,DorothyDay_train32,10,6.385426044464111,0.08624692917807586,0.03728576890172776,0.9,0.09999999999999998,12.0,0.14711599274338413,0.6511343717998801,0.5850573268717508
96,JohnPiper_test04,10,9.162683010101318,0.11179731096098097,0.040517604104799446,1.0,0.0,17.5,0.12444932761445113,0.5795808155033422,0.574896857442827
97,PastorAnderson_train16,10,37.52591800689697,0.08710403834620342,0.04531272709039701,1.0,0.0,59.7,0.061738958679333024,0.591267847804543,0.7206681903483926
98,DorothyDay_train09,10,6.5384368896484375,0.08874139190282362,0.038385055319122764,1.0,0.0,13.8,0.19163356606221044,0.6091434142236744,0.6490120403845561
99,Unitarian_train05,10,12.043596029281616,0.09986499767441614,0.03917427547252976,1.0,0.0,20.7,0.13985674904693207,0.5712301584740314,0.6127148705087239
100,DorothyDay_test04,10,8.264207124710083,0.0872364939522943,0.03721641480061066,1.0,0.0,14.3,0.14908647831316332,0.6798925260385518,0.4933682513177409
101,Shepherd_train54,10,11.175264120101929,0.09153654527250746,0.06213307932480379,1.0,0.0,14.8,0.06091446211251885,0.5154113725939741,0.40628699233923415
102,Rabbinic_train08,10,8.304025173187256,0.0971295543604664,0.04090249432633513,1.0,0.0,20.7,0.26669143717166316,0.6219089642472495,0.5449278803848656
103,JohnPiper_train32,10,10.021883964538574,0.09747942967484348,0.048629901838431834,1.0,0.0,18.1,0.11793562042548236,0.5745080025111015,0.6557427341624337
104,DorothyDay_train14,10,8.579837799072266,0.08392611482166198,0.042375363776400096,0.9,0.09999999999999998,19.0,0.18952599619296534,0.6304664826450399,0.6833172469946548
105,WBC_train12,10,10.482791900634766,0.08159485684932363,0.07151539739913551,0.5,0.5,23.5,0.16970723907270008,0.6654971503508511,0.6614962130326271
106,JohnPiper_train41,10,10.108870029449463,0.08862418502271335,0.048538743177552114,1.0,0.0,20.2,0.12438245443802294,0.569707946087233,0.5088891970707602
107,DorothyDay_train43,10,5.899072885513306,0.09012571441196719,0.0322553267253181,1.0,0.0,11.3,0.1515157576566089,0.6181066086404959,0.5789788168876138
108,Shepherd_train40,10,10.584138870239258,0.09445945053825466,0.04831960094186328,0.9,0.09999999999999998,14.3,0.051384464126393505,0.5630699241760662,0.45801746415735634
109,DorothyDay_train67,10,7.71759819984436,0.08635667002264624,0.04264238960460971,1.0,0.0,14.4,0.153194773280318,0.6747434323698258,0.6054682948636428
110,Rabbinic_train05,10,8.887622833251953,0.09316101464793528,0.037136951311463176,1.0,0.0,21.3,0.22773150084158908,0.6003625941111733,0.5598201007996642
111,WBC_train24,10,16.053343057632446,0.08354033906661766,0.07043351858151728,0.7,0.30000000000000004,37.0,0.18821632032649122,0.6883832514653025,0.6542266421771267
112,Unitarian_train01,10,14.404908895492554,0.10103617098829469,0.04263367205730606,1.0,0.0,25.6,0.11529260064308933,0.6118347460457668,0.47720931943070244
113,JohnPiper_train00,10,9.618422985076904,0.10193830211173996,0.04690824473987377,1.0,0.0,21.3,0.141038144880914,0.6308192675153225,0.593287828487546
114,WBC_test01,10,11.144787073135376,0.0784009583018355,0.08418472767676906,0.3,0.7,26.0,0.16832771130478308,0.6465261690279123,0.5747042425508391
115,Shepherd_train10,10,11.174429178237915,0.09758387817700939,0.06280178587494097,1.0,0.0,15.9,0.06657563439030666,0.5936687867016222,0.5542709957283463
116,PastorAnderson_train18,10,34.13668394088745,0.08277608745011816,0.050850010975121415,1.0,0.0,50.4,0.07487092993515457,0.6518148926075776,0.6841428473194264
117,Unitarian_train15,10,15.841361999511719,0.09687651556505104,0.047627325271406507,1.0,0.0,30.3,0.11871294583293553,0.5895724100653086,0.7153843303088798
118,Shepherd_train31,10,11.161917924880981,0.09816904047595397,0.05386135152099571,0.9,0.09999999999999998,19.8,0.07276213213109697,0.5025993155709445,0.46237529200663036
119,Shepherd_train09,10,10.926853895187378,0.09633402136667693,0.06271555521021302,0.9,0.09999999999999998,18.4,0.07010369076911817,0.5414574878250723,0.3499031884142842
120,DorothyDay_train20,10,7.200531005859375,0.09583831702562125,0.03539855753317949,1.0,0.0,14.7,0.1448478830677366,0.6086481456751248,0.5601474832286182
121,JohnPiper_train47,10,10.15494704246521,0.10808946650662957,0.050619249990065354,1.0,0.0,18.4,0.1148764609639551,0.6239037793111738,0.5864570950823774
122,Unitarian_train10,10,15.725752115249634,0.10607756808186848,0.05203682652234722,1.0,0.0,27.9,0.11103748635347814,0.6007842003826885,0.6325662531352212
123,WBC_train25,10,11.436743021011353,0.08199477988816002,0.07164356316781549,0.6,0.4,26.9,0.19848838171693872,0.6723920697370296,0.6058809810143886
124,JohnPiper_train38,10,9.299582958221436,0.09403243092112412,0.05871719627771936,0.8,0.19999999999999996,17.7,0.11837244563513041,0.5944005801480096,0.6079753021907646
125,JohnPiper_train50,10,10.806321144104004,0.09254102077769136,0.04588210914741296,1.0,0.0,19.7,0.11299835629143315,0.6312557444051607,0.5373846195419583
126,WBC_train08,10,11.64733099937439,0.08666329365895435,0.07296481247826646,0.7,0.30000000000000004,27.4,0.19350284315656996,0.6003096386685773,0.5492174213004399
127,PastorAnderson_test01,10,37.96854209899902,0.0914508896446343,0.053126881833982544,1.0,0.0,56.4,0.0762519238346379,0.6262307267285172,0.6254798240558526
128,JohnPiper_train29,10,11.151781797409058,0.09085072928659313,0.045396668100355766,0.9,0.09999999999999998,20.3,0.11497156503329076,0.5982289021721913,0.48838639661659783
129,DorothyDay_train69,6,5.080940008163452,0.0956107795292428,0.04457158917624484,1.0,0.0,17.5,0.16100917463555894,0.6170316140683495,0.5098322006389371
130,DorothyDay_train13,10,8.98133397102356,0.08667823763122776,0.032668122764096794,1.0,0.0,16.5,0.15231977380869016,0.6522979315816666,0.5193872490654947
131,Rabbinic_train10,10,8.573547124862671,0.09494782352913375,0.03945922232996921,1.0,0.0,21.8,0.25535474772977984,0.6589380186224174,0.5227277658043125
132,WBC_train10,10,11.628391027450562,0.08473125841247073,0.0772644019993541,0.8,0.19999999999999996,27.6,0.1908075511943374,0.6429361082429074,0.5752404484891213
133,WBC_train00,10,13.207762956619263,0.07657648393528362,0.07390294329607015,0.4,0.6,29.1,0.1821097935362999,0.6519332059102914,0.7057389592248544
134,Shepherd_train45,10,11.16747784614563,0.09910994416908808,0.05138851775347005,1.0,0.0,14.5,0.04991348012392676,0.5182320138608598,0.4072229529643348
135,DorothyDay_train64,10,7.857594966888428,0.08981116081112839,0.04047043147037176,1.0,0.0,14.4,0.15244877564773107,0.634798444256484,0.5676457540703523
136,DorothyDay_train59,10,12.069087982177734,0.08765704922869524,0.03369915351320059,1.0,0.0,26.5,0.19054655567918732,0.6720281442758625,0.5615596786251085
137,PastorAnderson_train05,10,35.2233030796051,0.09075317879744302,0.04641156960257524,1.0,0.0,64.3,0.08987197366154437,0.6253085309451281,0.5348160474148587
138,Shepherd_train07,10,11.513170957565308,0.09602054021612769,0.057527149725411154,0.9,0.09999999999999998,12.6,0.043141340986528706,0.537941462325072,0.42219634614961254
139,Rabbinic_train13,10,7.211404085159302,0.09336771781157063,0.03308847072656836,1.0,0.0,18.5,0.2705081151846577,0.6329258274160486,0.5902285483347318
140,WBC_train16,10,11.838449001312256,0.08104232574142341,0.06816701355845875,0.7,0.30000000000000004,29.2,0.20585640398097144,0.6979544532970318,0.6281766070279028
141,Shepherd_test07,3,4.287238836288452,0.0925339742359314,0.06880697096947697,0.6666666666666666,0.33333333333333337,24.0,0.08695556927109527,0.47281512896518973,0.38401136565191063
142,Shepherd_train34,10,10.571466207504272,0.0997783109475184,0.05604408842830304,1.0,0.0,16.6,0.07292268354746023,0.5262283124079461,0.5290586196040689
143,JohnPiper_train03,10,8.841072082519531,0.0986018703429542,0.046518077816864366,1.0,0.0,15.1,0.10591243709793079,0.5776289658261448,0.46452833994753684
144,JohnPiper_test03,10,8.50398302078247,0.10093912441128672,0.04351290876987839,1.0,0.0,19.4,0.13836557284255882,0.5910687664558737,0.5983406368123644
145,NaumanKhan_test00,9,15.784813165664673,0.08024156413243731,0.033278603334507696,0.8888888888888888,0.11111111111111116,36.55555555555556,0.18215077510767777,0.5525564969861162,0.49690804416565043
146,MehrBaba_train01,10,40.2973849773407,0.09965787622789173,0.04296852584914348,1.0,0.0,80.4,0.14478211920982226,0.6525417786822141,0.6849327046318517
147,DorothyDay_train00,10,7.649081230163574,0.086429274570795,0.033391624786295655,1.0,0.0,14.8,0.18165970053162608,0.6327384679395553,0.4714116690735586
148,DorothyDay_train38,10,8.969172954559326,0.08419416067142749,0.0383222249756982,1.0,0.0,17.8,0.1762923579313461,0.6443433605873268,0.5635497055801226
149,PastorAnderson_train03,10,33.79519200325012,0.08966608387395547,0.056459266821558385,0.8,0.19999999999999996,53.3,0.07487218933474901,0.6409043702817371,0.5412984817256685
150,JohnPiper_train35,10,9.825544834136963,0.08995298056992292,0.05408303506852026,1.0,0.0,17.8,0.1064055491555042,0.6131070426764401,0.42397120770215924
151,WBC_train29,10,11.28928804397583,0.08235696937139525,0.0775811460372192,0.6,0.4,27.9,0.19696011269187558,0.677226013034278,0.575821060705877
152,PastorAnderson_train00,10,35.841099977493286,0.09083201951244868,0.046381599114078804,1.0,0.0,55.0,0.06313878023395646,0.6255291106960541,0.4872762787748717
153,Shepherd_train55,10,11.157160997390747,0.09129232600063245,0.06275378299640628,0.8,0.19999999999999996,18.2,0.07619415928973597,0.4963748426915783,0.3513021150887436
154,JohnPiper_train24,10,10.198641777038574,0.10004467010240572,0.057199716677318845,0.9,0.09999999999999998,21.2,0.12309254818911138,0.5805304018036171,0.5778995306566683
155,Shepherd_train53,10,10.450566053390503,0.09739907335525345,0.0576637705162813,1.0,0.0,16.4,0.07524121357952915,0.530577238693555,0.6025828196699358
156,WBC_train33,10,11.255637884140015,0.08550827476536689,0.0765823922598379,0.6,0.4,26.6,0.18836287818060532,0.6468610410681305,0.6717315066571939
157,WBC_train13,10,10.629103899002075,0.08295428395728241,0.0694346595107566,0.6,0.4,23.2,0.17544867532507094,0.6813384109937054,0.7212757485988023
158,Unitarian_train12,10,14.238890171051025,0.09989218659018093,0.047129678788472795,1.0,0.0,20.8,0.0974240236915439,0.5416918333396197,0.592753344788373
159,DorothyDay_train53,10,6.4690330028533936,0.09268175411616468,0.040290141792407856,1.0,0.0,11.1,0.14950874462080366,0.624062643292262,0.41630667884129186
160,DorothyDay_train49,10,9.722233057022095,0.08307617084994781,0.030308923115425594,1.0,0.0,19.8,0.19509425549017634,0.6612304564565917,0.5178461696145398
161,Rabbinic_train07,10,10.133855104446411,0.09666295392364829,0.04111813633405434,1.0,0.0,25.1,0.2702466979002176,0.6954963880239082,0.6010253069391486
162,Unitarian_train20,10,15.002161979675293,0.0974693915363544,0.051847058885524225,1.0,0.0,26.8,0.1253068760965637,0.579228308780421,0.5981599086522438
163,Shepherd_train19,10,10.323661088943481,0.0995165069709443,0.04469842297730152,1.0,0.0,15.5,0.05715467380779099,0.5310000331222057,0.6675960371177388
164,JohnPiper_train06,10,9.753477096557617,0.09584986410106891,0.04650851078157901,1.0,0.0,20.2,0.13933051848872388,0.6453931000970122,0.6462529394459182
165,WBC_train05,10,10.728863000869751,0.08666313553849588,0.07100963764999382,0.7,0.30000000000000004,24.6,0.1853656384013204,0.6507165131798572,0.4574771050772114
166,NaumanKhan_train06,10,17.644508123397827,0.08479565818565564,0.038138159215523555,1.0,0.0,33.2,0.12414297452063208,0.5721571837068179,0.5109252568734685
167,WBC_train17,10,11.95052194595337,0.08283634401429255,0.07058378047205414,0.8,0.19999999999999996,23.6,0.15228144481466535,0.6892824583960518,0.6997580297989303
168,NaumanKhan_train01,10,17.15464186668396,0.08605406067290794,0.039290089688371575,0.9,0.09999999999999998,32.5,0.14712671442010697,0.5246857036755885,0.4277818950587372
169,DorothyDay_train27,10,9.037669897079468,0.09145313247205947,0.04420632451475441,1.0,0.0,17.8,0.1544591721201909,0.6196204292479127,0.6661283763647554
170,PastorAnderson_train19,10,35.091156005859375,0.07624541200550448,0.05324500613130375,0.9,0.09999999999999998,63.7,0.09197923584292803,0.6296357203387108,0.7135877785853387
171,WBC_train19,10,13.768641948699951,0.08695242014795786,0.07886783869361437,0.7,0.30000000000000004,33.3,0.18423482359917576,0.6798322884351135,0.579704180978071
172,WBC_test03,10,12.14811396598816,0.08370934332438221,0.07454277277148891,0.6,0.4,27.6,0.18331932209666013,0.7050947274830778,0.5642029179721642
173,JohnPiper_train14,10,10.794652938842773,0.10071586668570462,0.05090065540129979,1.0,0.0,24.9,0.13845197421894176,0.6557340425960818,0.6817270204800249
174,Shepherd_train37,10,10.723740816116333,0.09888234519582924,0.057403506868715516,1.0,0.0,18.5,0.09076784804565553,0.5421497902021656,0.3988922020149625
175,DorothyDay_train36,10,8.218958854675293,0.0879356162911528,0.03860023547230948,1.0,0.0,19.0,0.20476232906169528,0.6369194778631803,0.6464728127323014
176,JohnPiper_train44,10,9.098587989807129,0.09822529451511396,0.05251875176625174,0.9,0.09999999999999998,17.9,0.10910391016888207,0.6308381642784846,0.5711717125509486
177,JohnPiper_test00,10,9.208592176437378,0.09716986807392268,0.04823091963953001,1.0,0.0,18.5,0.11291890515174803,0.7115936717689496,0.6088469640102003
178,DorothyDay_train05,10,6.388872146606445,0.09121039379813949,0.02939817548662733,1.0,0.0,11.1,0.14969601446558478,0.6177176125237105,0.48426946329662535
179,Unitarian_train16,10,12.17217493057251,0.10553197070357456,0.04981627113279573,1.0,0.0,18.9,0.10987066322988108,0.5681208055269961,0.39752059046769783
180,DorothyDay_test00,10,5.585465908050537,0.09985162067534684,0.03665858908209453,1.0,0.0,12.8,0.17819248066476842,0.6909106118727023,0.577907368712191
181,Shepherd_train64,10,11.058953046798706,0.08860903231661368,0.054467192529138564,1.0,0.0,13.9,0.05060787485417136,0.5132987221379975,0.5617388987397745
182,JohnPiper_train36,10,9.689371109008789,0.0953286717872623,0.046251618272373354,0.9,0.09999999999999998,20.6,0.126842517304244,0.6213336008818159,0.6613430266017932
183,DorothyDay_train18,10,8.146461009979248,0.09319531011393963,0.03589608859645701,1.0,0.0,18.1,0.1780065446699123,0.668162091482918,0.49200481423570164
184,Rabbinic_train14,9,7.733757972717285,0.0928013773036529,0.03885592571288607,1.0,0.0,24.11111111111111,0.27909397017179643,0.6112469571760241,0.6577207806622258
185,DorothyDay_train47,10,5.720378160476685,0.09603525708653145,0.03920873996809528,1.0,0.0,12.4,0.19815518717314878,0.6458550069706854,0.6310831558252554
186,JohnPiper_train23,10,9.732065200805664,0.09466775785222223,0.05653862406535681,0.9,0.09999999999999998,22.0,0.1414758561970811,0.5679613606192984,0.5011249594755293
187,DorothyDay_train63,10,7.037353992462158,0.09886468710817051,0.04152971449546142,1.0,0.0,12.8,0.16280836246416158,0.6766170570996319,0.498244982508569
188,JohnPiper_train42,10,9.26171088218689,0.10389200030732788,0.05718979980988469,0.9,0.09999999999999998,20.4,0.14273248427428137,0.6730895110706479,0.7175454816470468
189,DorothyDay_train56,10,7.3983988761901855,0.0860338779853734,0.0384018911044311,1.0,0.0,16.2,0.1901823760382133,0.6970961599824888,0.6645488845239529
190,JohnPiper_train18,10,8.777740955352783,0.09869443400607707,0.06101931709733771,1.0,0.0,18.4,0.12237392782119257,0.6988651744857088,0.5461761143070594
191,DorothyDay_train41,10,6.152837038040161,0.09610608569101844,0.03547329456314306,1.0,0.0,10.8,0.13232121119899384,0.6287104852029517,0.6252151707811094
192,PastorAnderson_train04,10,37.00121593475342,0.08915999403414596,0.04130462265796437,1.0,0.0,58.9,0.06167947112645852,0.6304916480429971,0.6404886853158318
193,NaumanKhan_train02,10,19.322621822357178,0.0842808196676185,0.04383476836170545,1.0,0.0,32.2,0.11633793661760332,0.6045364080756568,0.4441870744912908
194,DorothyDay_train24,10,6.910130023956299,0.08745481236920008,0.03908594918860572,1.0,0.0,15.5,0.18610592702485548,0.6692505293875038,0.7340621619779654
195,Shepherd_test01,10,10.803557872772217,0.09499621628108756,0.055674018788056986,1.0,0.0,18.0,0.07043410698420628,0.544348276054931,0.4943186226262812
196,WBC_train27,10,11.587449073791504,0.09212864018307823,0.06159434408573585,0.8,0.19999999999999996,27.0,0.19936866593848887,0.6444261886562087,0.6807167833472492
197,DorothyDay_train31,10,7.361566781997681,0.08246239277358225,0.04140763493243978,1.0,0.0,13.5,0.16016011996585666,0.667785337990854,0.5426641665173422
198,Rabbinic_train03,10,9.817214965820312,0.08847711235904118,0.04857717876260683,1.0,0.0,24.4,0.2710516335846501,0.653222069388632,0.5400914275634866
199,Unitarian_test01,10,15.214369058609009,0.10383575507433007,0.04134045526447617,1.0,0.0,26.5,0.12478581735800194,0.5648578901024601,0.47780081894604215
200,JohnPiper_test05,8,8.037391901016235,0.10135618552650823,0.04211285126403609,1.0,0.0,21.125,0.13478025941617675,0.5939973941240646,0.5160172794702256
201,PastorAnderson_train15,10,38.92119598388672,0.08739379183266531,0.045329815746324234,1.0,0.0,67.0,0.05698832102838014,0.645811944663653,0.6872045442669213
202,DorothyDay_train06,10,5.999911069869995,0.09204493872121032,0.03794768177559701,1.0,0.0,11.0,0.15717140386398037,0.6192103146073865,0.48084149204311544
203,DorothyDay_test07,8,6.97687292098999,0.08503902976154908,0.034557953278693196,1.0,0.0,19.25,0.2052919822718258,0.6987194248565307,0.5734015248925661
204,PastorAnderson_train08,10,36.64109802246094,0.07629006119023499,0.04448533028695596,0.9,0.09999999999999998,54.5,0.05822953870713612,0.679694072647596,0.7028775058569987
205,JohnPiper_train33,10,9.399156093597412,0.10258791138313132,0.05947733058132495,0.9,0.09999999999999998,18.8,0.12376723803170689,0.5960199918090792,0.6565804799008877
206,DorothyDay_train17,10,10.662364959716797,0.09032167627228857,0.04535172107048577,0.9,0.09999999999999998,20.8,0.19278354820240445,0.641928422574789,0.69702379461743
207,DorothyDay_train40,10,6.624186038970947,0.08643766484361336,0.04411623053937289,1.0,0.0,13.3,0.16407259796416412,0.6821719910375124,0.6643009617462522
208,Shepherd_train41,10,10.644722938537598,0.10121126071711055,0.05198796872357388,1.0,0.0,19.1,0.07550751376461215,0.5386925733355195,0.5302205096432655
209,DorothyDay_train60,10,14.088774919509888,0.08602915908196243,0.03535041771024504,1.0,0.0,26.7,0.15330940802394957,0.666076433531465,0.6846664881281987
210,Shepherd_train25,10,12.024816036224365,0.10314719032987711,0.05576194391198812,1.0,0.0,17.7,0.06058805232274008,0.5505990026479985,0.5299460676974047
211,JohnPiper_train46,10,9.187307119369507,0.0943524596130481,0.04338942913690015,1.0,0.0,17.3,0.12536785465535094,0.6246122964781711,0.5238709037762274
212,DorothyDay_train55,10,8.124768018722534,0.08773144171723568,0.03523885999285951,1.0,0.0,16.2,0.16214475992601537,0.6669787578235529,0.5806125830299481
213,WBC_train26,10,9.689029932022095,0.08173908657084508,0.07016287195553081,0.6,0.4,22.5,0.19292517938986836,0.6767795551507343,0.6561009091094371
214,Unitarian_train21,10,14.524004936218262,0.09869180003438446,0.047961444618258534,0.9,0.09999999999999998,24.1,0.14787427403040843,0.6292559093589676,0.6608471569585822
215,Shepherd_train13,10,11.885093927383423,0.09286784557495346,0.05354764421884498,1.0,0.0,15.6,0.05356393790761306,0.49322437910823524,0.7000445502917592
216,NaumanKhan_train03,10,18.78070306777954,0.07777716287831252,0.0344188342638393,1.0,0.0,33.1,0.1496510301434479,0.5786185174365484,0.3983133782271816
217,Shepherd_train30,10,10.86610722541809,0.0974373153469856,0.06262390020524754,0.9,0.09999999999999998,14.8,0.06471691751373276,0.5098630073760144,0.5560782107794592
218,WBC_test04,2,3.1269478797912598,0.06636638879958665,0.09780124166432108,0.0,1.0,22.5,0.1390144665461121,0.7162660614087841,0.548845536156729
219,DorothyDay_train21,10,9.126599073410034,0.0897062171798951,0.03533582084843079,1.0,0.0,18.9,0.16517894393871108,0.6619441420418897,0.6433284050767781
220,Shepherd_train22,10,10.461632013320923,0.09004916859890583,0.05076538085645625,1.0,0.0,15.4,0.057981135615058944,0.5102662867299459,0.4836054706205736
221,Unitarian_train08,10,12.601976871490479,0.10019336810164159,0.046961985580173435,1.0,0.0,23.2,0.1334814163637674,0.6418578684404025,0.5046636164737814
222,Shepherd_train21,10,10.82373595237732,0.0947076465330631,0.05403212784040977,1.0,0.0,16.4,0.07106003641493593,0.5221238604026603,0.4769037912413495
223,JohnPiper_train08,10,7.645670175552368,0.09870146493232809,0.044395968358685534,1.0,0.0,14.5,0.12083212907534772,0.5744750043491644,0.49014920441462556
224,Unitarian_train11,10,14.314157009124756,0.1080140188446637,0.04037985684779512,1.0,0.0,23.5,0.09707520304941604,0.6597810677899327,0.5247049795794638
225,JohnPiper_train45,10,8.541162014007568,0.09213857698479445,0.04654263136168146,1.0,0.0,15.6,0.11549296612976143,0.5992001840384525,0.6397553838844203
226,JohnPiper_train39,10,8.530025005340576,0.10300574992689733,0.04398104210051813,1.0,0.0,18.1,0.13950031523915024,0.6186511426939598,0.5748980939878559
227,WBC_train02,10,11.492969036102295,0.08728593356227309,0.07347565038014091,0.6,0.4,26.6,0.1978018683577374,0.6260489204329845,0.6442349061589716
228,JohnPiper_train51,10,9.350826025009155,0.09869521720349113,0.053061238211711624,1.0,0.0,19.8,0.13811610495898405,0.6727524341089482,0.7214038037396451
229,Unitarian_train04,10,14.452584981918335,0.09032155768253836,0.12249706737702981,0.9,0.09999999999999998,24.6,0.09982987918152904,0.6132004656646423,0.40133378688073024
230,PastorAnderson_test00,10,35.314159870147705,0.08019394993944733,0.05429429951557132,0.8,0.19999999999999996,64.4,0.09438802068349614,0.6416596106593193,0.7706783243214445
231,JohnPiper_train28,10,8.931638956069946,0.09806461128199705,0.05294067050140128,0.7,0.30000000000000004,19.2,0.12428937812021139,0.6161994333695746,0.529550527728153
232,Shepherd_train57,10,11.472286939620972,0.09672462294452949,0.06431160150276918,0.9,0.09999999999999998,18.1,0.07070783029669439,0.5188423320967052,0.5050589891341211
233,DorothyDay_train12,10,10.117328882217407,0.08955996756084932,0.03935608158753158,1.0,0.0,19.2,0.1541255038521579,0.6733053053903655,0.6440593455433448
234,MehrBaba_train02,3,7.966511964797974,0.0867567885981146,0.042730924249473036,1.0,0.0,48.666666666666664,0.12365538556490319,0.6096334828770147,0.524903938289357
235,JohnPiper_train15,10,9.965842008590698,0.09718270159367341,0.05003450774764383,1.0,0.0,21.3,0.13500987612870388,0.5614455300608562,0.6157417724936151
236,Shepherd_train42,10,10.91183614730835,0.09731352358376769,0.05664082750144517,0.9,0.09999999999999998,16.3,0.06611933808296959,0.5749996451365145,0.4612398221212678
237,DorothyDay_train65,10,7.5792930126190186,0.09572942602095089,0.041128810524083195,1.0,0.0,13.4,0.1447053416959098,0.6967088964216923,0.5777152221390687
238,Shepherd_test04,10,10.13070011138916,0.09969042544536309,0.05609746572247938,1.0,0.0,16.0,0.0722401690390178,0.5320930108370987,0.5563647090439947
239,MehrBaba_train00,10,54.14371299743652,0.10047996593625878,0.04366116510666128,1.0,0.0,107.8,0.1587709435107578,0.64573101161446,0.60493005250847
240,DorothyDay_train58,10,7.948056936264038,0.08574618136857068,0.03558384655905963,1.0,0.0,16.8,0.21075168866616098,0.6118194136736622,0.6549298598489521
241,WBC_train04,10,14.403879165649414,0.09425420344342508,0.06840802860402424,0.8,0.19999999999999996,35.0,0.20059540039647286,0.6212517679110388,0.6475804257818842
242,JohnPiper_train12,10,9.880199909210205,0.09561701965986882,0.05481672413277637,0.9,0.09999999999999998,17.6,0.10740620931010907,0.6329502909323708,0.6551472484382417
243,Shepherd_train04,10,10.955940961837769,0.09442159257052239,0.06598462088406024,1.0,0.0,16.7,0.06089713208606826,0.538113738280423,0.5417536078492524
244,Shepherd_train16,10,11.9031240940094,0.09807907425557608,0.051452577638960974,0.9,0.09999999999999998,15.7,0.05804922634972935,0.4926865314842776,0.47748124415962734
245,PastorAnderson_train01,10,38.68067407608032,0.09168268534324271,0.04456907771909347,1.0,0.0,62.6,0.07728915172711195,0.6139171397303242,0.70736445590764
246,Shepherd_test06,10,13.069835901260376,0.09582913465011403,0.06033428150680076,0.9,0.09999999999999998,18.7,0.055591756441660964,0.5537070941897282,0.5824814331192529
247,Shepherd_train33,10,11.296216011047363,0.10002656408002782,0.04972426172870477,1.0,0.0,16.3,0.05920793778853635,0.5090350573508111,0.4864084683840443
248,Rabbinic_train11,10,8.336328983306885,0.0927832672918722,0.04017808162160187,1.0,0.0,21.6,0.2698240094194868,0.6012689851640276,0.45196730683152087
249,JohnPiper_train09,10,9.677303075790405,0.10294289097408557,0.05471990048703802,1.0,0.0,19.9,0.14416748431880322,0.6331796121208964,0.7153933124314698
250,Shepherd_train26,10,10.670412063598633,0.0990660621168116,0.05373087093996174,0.9,0.09999999999999998,15.5,0.06491477229445901,0.5352504999868859,0.5714219313844268
251,DorothyDay_train01,10,8.677165031433105,0.09604832283849121,0.036145505548925407,1.0,0.0,16.7,0.16716100833456288,0.6915963151461754,0.468897274480186
252,PastorAnderson_train20,5,20.29065489768982,0.08191319070713288,0.06546465023708836,0.8,0.19999999999999996,59.8,0.06523620665481969,0.609966799258727,0.6879492760728967
253,MehrBaba_test00,3,23.638989210128784,0.1058713322984653,0.047154154662954674,1.0,0.0,178.33333333333334,0.21139630359024145,0.746746184180404,0.550617345981557
254,PastorAnderson_train13,10,32.8354058265686,0.08158351649005698,0.04449618873801352,1.0,0.0,58.0,0.07482587231217483,0.6817876422518732,0.6400686068504122
255,NaumanKhan_train05,10,15.099242925643921,0.08453468425198893,0.038990378372568,1.0,0.0,34.2,0.16279348695446652,0.569927023325686,0.5256761429854653
256,JohnPiper_train27,10,9.719767093658447,0.09689504444392297,0.04238724050155847,1.0,0.0,21.6,0.15108904596206657,0.6139405234475921,0.5827273412515668
257,Shepherd_train52,10,11.084845066070557,0.09547420247438698,0.059271317255828584,1.0,0.0,17.0,0.07477911117395586,0.555107667269388,0.5834422687002054
258,DorothyDay_train11,10,8.434467077255249,0.08310441990889385,0.037968913547813586,1.0,0.0,16.9,0.17041492896214114,0.6691190723943,0.34476732460704956
259,DorothyDay_train52,10,7.746578931808472,0.0869524575016808,0.04244405266917979,1.0,0.0,16.1,0.18516031322520066,0.66347587248614,0.6786123747344502
260,Unitarian_train03,10,17.32209801673889,0.10236305233469056,0.0465404241344247,1.0,0.0,29.4,0.11127027744160607,0.6034471302222769,0.4535533122212586
261,Shepherd_train47,10,11.066186904907227,0.09384561298609354,0.06129501476644206,0.9,0.09999999999999998,15.7,0.060660273629711804,0.5450490158283852,0.576910394225741
262,WBC_train11,10,11.782012939453125,0.0756651429210135,0.07270260778014435,0.5,0.5,28.2,0.19013885532912841,0.7295067433089183,0.6825021874243383
263,Shepherd_train18,10,10.423099994659424,0.1013346667106753,0.0547002056140007,1.0,0.0,16.0,0.07135868354551633,0.5219234125323617,0.48146748451533333
264,JohnPiper_train05,10,10.047427892684937,0.10909920085676306,0.05354381852170409,0.9,0.09999999999999998,20.6,0.1240968834947725,0.5751536203053154,0.6052445430060166
265,Shepherd_train65,5,5.836552143096924,0.0963754166716871,0.048162032853827905,1.0,0.0,13.8,0.0553337508926469,0.5483347101638965,0.4636471702528463
266,Shepherd_train01,10,10.100486993789673,0.10007360533166287,0.058975383104544574,0.9,0.09999999999999998,12.6,0.05222101078632706,0.5500913037089343,0.44429854586449613
267,Rabbinic_train01,10,8.024837017059326,0.09654579171708226,0.035111439431487375,1.0,0.0,19.8,0.2524744282970381,0.61854966715721,0.6521828350274494
268,WBC_test02,10,10.07658314704895,0.09051159561993262,0.08247127001620122,0.5,0.5,21.8,0.16333001241295197,0.618323511683214,0.5633061479644033
269,Shepherd_test05,10,10.825892925262451,0.08980029692069459,0.05722987498433768,1.0,0.0,20.2,0.09335130350997756,0.5320108845311471,0.5664075660644564
270,Shepherd_train36,10,11.110490083694458,0.10114682578769345,0.054209307539836424,1.0,0.0,15.1,0.06681794033056872,0.5535026389227082,0.454010100408431
271,DorothyDay_train35,10,8.346609115600586,0.08167442406395518,0.03454713889776976,1.0,0.0,18.0,0.19177371739900326,0.6337507312595918,0.4226611685633336
272,WBC_train22,10,10.453704118728638,0.07461882458445382,0.07263559001328158,0.4,0.6,22.0,0.1722992833456721,0.6948018815705466,0.6258735115241775
273,Shepherd_train15,10,12.634008169174194,0.0974017404678943,0.059233415643147616,1.0,0.0,15.7,0.057249432227251026,0.5835863967440198,0.6150854035678295
274,JohnPiper_test01,10,9.656130075454712,0.09992471045920087,0.04177353169623467,1.0,0.0,17.5,0.11403495150803651,0.6838057272209446,0.6240080365072502
275,WBC_train23,10,11.200901985168457,0.08442625186811324,0.07717438535685259,0.6,0.4,25.0,0.17901283519300457,0.6541382836329069,0.6409494287510757
276,DorothyDay_train02,10,11.307794094085693,0.08517935341694591,0.035787803782324434,1.0,0.0,25.5,0.21514867496241621,0.6670631518875889,0.6470187268341594
277,Unitarian_train17,10,12.33333706855774,0.09009694679888991,0.07781653163943368,0.8,0.19999999999999996,20.9,0.09272741228241335,0.5778281515296706,0.42221108556635734
278,DorothyDay_test03,10,10.179255962371826,0.08686709602878599,0.043975754369540196,1.0,0.0,20.7,0.16888832210842644,0.6468139255997194,0.6629021122711505
279,JohnPiper_train37,10,9.012677192687988,0.09778462320953461,0.060892619647774246,0.8,0.19999999999999996,24.1,0.1641911370275194,0.6046985485046128,0.6098503797572504
280,JohnPiper_train49,10,10.7066969871521,0.10720732412683835,0.03829640865029542,1.0,0.0,21.1,0.12794084459785748,0.6251304960782281,0.46764273710995974
281,Rabbinic_test01,7,5.771647930145264,0.09847635906322309,0.0420292203356285,1.0,0.0,22.142857142857142,0.27951969713142316,0.5851047048393289,0.628349236756541
282,DorothyDay_train44,10,7.229604005813599,0.0935128000757924,0.03705711964469487,1.0,0.0,15.2,0.17268636398826753,0.6619941345696306,0.7172181348606566
283,JohnPiper_train22,10,10.215497970581055,0.09277270105511629,0.052309923318102435,0.9,0.09999999999999998,22.0,0.14607200979640303,0.6500490002280654,0.6336338449847962
284,Shepherd_train46,10,12.069662094116211,0.10105704073990959,0.05921371203680986,1.0,0.0,15.7,0.05554115920788834,0.5106883751444171,0.5556869384990264
285,Shepherd_train59,10,11.75975489616394,0.09217153250712137,0.07086893138424491,0.9,0.09999999999999998,19.1,0.07457937071210258,0.505140093805325,0.49298228224679147
286,DorothyDay_train51,10,8.618940830230713,0.08981495320945056,0.03771828453805511,1.0,0.0,17.7,0.15852516835506802,0.7257475219947068,0.5106940199209274
287,JohnPiper_train19,10,9.560052156448364,0.09082873444941146,0.05724202991520583,0.9,0.09999999999999998,21.7,0.14538037178808494,0.6492311560952165,0.5679868929866714
288,Rabbinic_train02,10,8.133630990982056,0.09119863289967454,0.03591178925350108,1.0,0.0,19.7,0.23896834860750998,0.6155202127281914,0.5845920376388325
289,Unitarian_train02,10,12.121923923492432,0.10305591922090437,0.04816864626011106,1.0,0.0,19.5,0.10757932045279935,0.578702921215701,0.5443405857819001
290,JohnPiper_train11,10,10.254748106002808,0.11067935630965275,0.0530666312359781,0.9,0.09999999999999998,20.7,0.12479121264563027,0.6566229871374167,0.5283277061263865
291,Shepherd_train02,10,11.748353004455566,0.10111944756540928,0.05785935886400752,1.0,0.0,16.1,0.06237373571662129,0.5318321005095865,0.6024373618496943
292,DorothyDay_train25,10,7.066413164138794,0.09432085493049606,0.04505299596752686,1.0,0.0,15.0,0.17711523030687484,0.6719018237605574,0.602245946964451
293,WBC_train15,10,10.54716181755066,0.07871643797091016,0.07359352346723225,0.7,0.30000000000000004,23.1,0.1727873480264528,0.6737208238804613,0.511293426258866
294,Unitarian_train18,10,16.158135890960693,0.09958325709167808,0.045730952764875404,1.0,0.0,29.3,0.11818958898169973,0.6221608152325636,0.48072298053353607
295,Shepherd_test00,10,10.130425930023193,0.1025268307822439,0.06087206843721985,0.9,0.09999999999999998,18.2,0.0893645939672078,0.5162756264133366,0.44116756297418974
296,Shepherd_train39,10,11.83094596862793,0.09868164125404826,0.0691239430734225,0.9,0.09999999999999998,17.9,0.05882355512012507,0.5233705884056417,0.430143141996965
297,DorothyDay_train30,10,8.4640371799469,0.0905935333936695,0.03487417917233135,1.0,0.0,16.3,0.1593109903979793,0.663315714644322,0.6478052176593725
298,DorothyDay_train28,10,8.413687944412231,0.09449147565018128,0.03940903432128569,1.0,0.0,18.7,0.20306101160895737,0.6701873266661897,0.7194573604995099
299,WBC_train18,10,15.820160865783691,0.08367782525259987,0.0743330927019134,0.7,0.30000000000000004,44.9,0.2135613591374162,0.6752825221454766,0.45151523681349975
300,PastorAnderson_train14,10,40.17415380477905,0.08629620195554384,0.055108511765036824,0.8,0.19999999999999996,65.0,0.06962164143177639,0.6306610678539606,0.7709886393427405
301,Shepherd_train28,10,11.153182029724121,0.09718181708422398,0.0612499506939275,0.9,0.09999999999999998,19.8,0.0916327672431642,0.48245482914762433,0.4705004144953434
302,DorothyDay_train07,10,8.865702867507935,0.08313808077908254,0.040363956652589426,0.9,0.09999999999999998,15.9,0.15865770597550594,0.6492158467466117,0.7937179797549336
303,Shepherd_train61,10,12.076807022094727,0.09272083512526838,0.06323475295533945,1.0,0.0,17.2,0.07085598526135806,0.5601757764157359,0.5553071553525243
304,DorothyDay_test06,10,9.249353885650635,0.09257305749039826,0.04245656208609196,1.0,0.0,18.9,0.166115140333508,0.6682819752636897,0.6571674507710605
305,PastorAnderson_train09,10,39.210299015045166,0.08354580936767816,0.04483761951843031,0.9,0.09999999999999998,62.7,0.07119698818656937,0.6403555942587217,0.670947766694143
306,JohnPiper_train30,10,9.787605047225952,0.1108653742432264,0.04617376076605135,1.0,0.0,21.2,0.14852173075608305,0.5998215944539125,0.544846816987037
307,DorothyDay_train16,10,6.68707799911499,0.09669838303594422,0.040749574945552085,1.0,0.0,11.5,0.16928316060942278,0.6060247595512951,0.5492733371442788
308,JohnPiper_train52,1,2.0145747661590576,0.08622908622908623,0.023595023595023596,1.0,0.0,13.0,0.10077519379844961,0.6494320793421381,0.47161458850551286
309,JohnPiper_train13,10,9.799925088882446,0.0915499239895471,0.05785664745637009,0.9,0.09999999999999998,19.2,0.13121620593590128,0.5589484126350175,0.49483258419713383
310,JohnPiper_train21,10,10.285956144332886,0.09526155443013465,0.049366138861835045,0.9,0.09999999999999998,19.1,0.1232627980787941,0.6661317389575241,0.48750335815385704
311,DorothyDay_train61,10,7.1159398555755615,0.08687775604354542,0.03769730327848942,1.0,0.0,15.3,0.18610840040232873,0.6487140378023096,0.6902269141651889
312,Rabbinic_train12,10,7.783176898956299,0.09263849998677115,0.03729193796567955,1.0,0.0,20.0,0.2739958786772662,0.643859083343983,0.5711222230024328
313,DorothyDay_train54,10,9.137099027633667,0.09004254644633729,0.03480664202700426,1.0,0.0,18.0,0.15794934910801497,0.6444477265624297,0.481915606200078
314,Unitarian_train00,10,15.002227067947388,0.11140683109473519,0.04999691555301441,1.0,0.0,26.8,0.1377989507064575,0.5972838235840666,0.613850500313142
315,WBC_train31,10,12.404242038726807,0.0796683881133772,0.07951366285894475,0.5,0.5,32.9,0.19507030529421754,0.6440111568028726,0.6939531448202849
316,Rabbinic_test00,10,8.809468984603882,0.09996199951325767,0.037996832690852765,1.0,0.0,21.7,0.2496393719410755,0.5865869923188715,0.6564931319365372
317,Rabbinic_train06,10,8.397471904754639,0.10166252991112115,0.03428243399465972,1.0,0.0,23.7,0.30772517554255957,0.6495053014501309,0.6234551872945874
318,Shepherd_train12,10,11.236474990844727,0.10094807921251722,0.0485100676615791,1.0,0.0,15.4,0.0649476208034389,0.5326291096449969,0.5265895852602558
319,WBC_train34,10,13.309123039245605,0.08074651838794321,0.07012787927517337,0.7,0.30000000000000004,30.8,0.195684219441116,0.6440791028545829,0.6159528482115362
320,Unitarian_train23,10,14.62230396270752,0.10031855054523549,0.05649048482976591,0.9,0.09999999999999998,23.1,0.10172116123777224,0.562901004311904,0.6590724741740571
321,DorothyDay_train22,10,5.152139902114868,0.08387252532295943,0.036474145011182756,1.0,0.0,9.5,0.17825416653025897,0.6485590427994217,0.46307075416851295
322,Unitarian_train14,10,12.975276947021484,0.09937984828567473,0.05630042506093027,0.9,0.09999999999999998,22.2,0.13867408309489954,0.5927082944261739,0.4671029806961947
323,Shepherd_train00,10,10.724971055984497,0.09854382290986394,0.05919693213895807,0.9,0.09999999999999998,16.0,0.07923685537212229,0.5279682233960253,0.5449182789854173
324,Unitarian_train22,10,14.94075894355774,0.09816386666120647,0.0453919448772907,1.0,0.0,26.1,0.1041230153264086,0.5766313576303967,0.5347579898269351
325,JohnPiper_train16,10,10.301180839538574,0.09656340848523014,0.051803405181127526,1.0,0.0,22.2,0.13825372330964675,0.5938113185736286,0.6053247332688849
326,DorothyDay_train33,10,8.173295974731445,0.08911623352246995,0.03789385749183491,1.0,0.0,16.1,0.17809612509591005,0.6770640342366027,0.6108427155381395
327,WBC_train32,10,11.466829061508179,0.07778511482943753,0.07310223846586476,0.6,0.4,27.3,0.192290756162742,0.6459722230026739,0.5613977070263152
328,Unitarian_train06,10,16.235527992248535,0.10370656464680468,0.04378377923894388,1.0,0.0,26.9,0.107892694282362,0.5749041104060737,0.4730256210810303
329,PastorAnderson_train17,10,34.84599995613098,0.09054522225158342,0.04833563985226695,1.0,0.0,61.1,0.08439956367828748,0.6409529451304923,0.6662432443540125
330,Shepherd_train62,10,10.885873079299927,0.09968028663534233,0.05007913218583583,1.0,0.0,15.2,0.06703703882250339,0.5307597175700753,0.44274647163586067
331,DorothyDay_train08,10,8.657575130462646,0.08904192643076986,0.03315433895032323,1.0,0.0,16.1,0.16361704238286617,0.6257944871800541,0.5634992658173135
332,DorothyDay_test05,10,7.526190996170044,0.08872852749830688,0.04341279587230659,1.0,0.0,12.8,0.1548865895517544,0.728799077455198,0.5420121908506395
333,Rabbinic_train09,10,8.3820059299469,0.09285191483639613,0.03814611389568728,0.9,0.09999999999999998,22.8,0.268782830230909,0.682196439036482,0.4797905022695512
334,Shepherd_train56,10,11.037016868591309,0.09126985238835812,0.06350700975903881,1.0,0.0,15.7,0.0595667814145606,0.5421658991774424,0.5608669815092862
335,DorothyDay_train15,10,9.904124021530151,0.09291297366030084,0.031743206969365785,1.0,0.0,19.7,0.19849511077626666,0.6863120318689812,0.6743695911152183
