,estimator,depth,bs,split,feature,accuracy
0,10,5,True,1,auto,0.8367346938775511
1,10,5,True,2,auto,0.8367346938775511
2,10,5,True,3,auto,0.8367346938775511
3,10,5,True,1,sqrt,0.826530612244898
4,10,5,True,2,sqrt,0.826530612244898
5,10,5,True,3,sqrt,0.826530612244898
6,10,5,True,1,log2,0.826530612244898
7,10,5,True,2,log2,0.826530612244898
8,10,5,True,3,log2,0.826530612244898
9,10,5,False,1,auto,0.826530612244898
10,10,5,False,2,auto,0.826530612244898
11,10,5,False,3,auto,0.826530612244898
12,10,5,False,1,sqrt,0.8673469387755102
13,10,5,False,2,sqrt,0.8673469387755102
14,10,5,False,3,sqrt,0.8775510204081632
15,10,5,False,1,log2,0.8673469387755102
16,10,5,False,2,log2,0.8673469387755102
17,10,5,False,3,log2,0.8775510204081632
18,10,10,True,1,auto,0.8367346938775511
19,10,10,True,2,auto,0.8367346938775511
20,10,10,True,3,auto,0.8469387755102041
21,10,10,True,1,sqrt,0.826530612244898
22,10,10,True,2,sqrt,0.826530612244898
23,10,10,True,3,sqrt,0.8367346938775511
24,10,10,True,1,log2,0.826530612244898
25,10,10,True,2,log2,0.826530612244898
26,10,10,True,3,log2,0.8367346938775511
27,10,10,False,1,auto,0.7857142857142857
28,10,10,False,2,auto,0.7857142857142857
29,10,10,False,3,auto,0.7857142857142857
30,10,10,False,1,sqrt,0.8775510204081632
31,10,10,False,2,sqrt,0.8775510204081632
32,10,10,False,3,sqrt,0.8775510204081632
33,10,10,False,1,log2,0.8775510204081632
34,10,10,False,2,log2,0.8775510204081632
35,10,10,False,3,log2,0.8775510204081632
36,10,15,True,1,auto,0.8367346938775511
37,10,15,True,2,auto,0.8367346938775511
38,10,15,True,3,auto,0.8469387755102041
39,10,15,True,1,sqrt,0.8163265306122449
40,10,15,True,2,sqrt,0.8163265306122449
41,10,15,True,3,sqrt,0.8367346938775511
42,10,15,True,1,log2,0.8163265306122449
43,10,15,True,2,log2,0.8163265306122449
44,10,15,True,3,log2,0.8367346938775511
45,10,15,False,1,auto,0.7857142857142857
46,10,15,False,2,auto,0.7857142857142857
47,10,15,False,3,auto,0.7857142857142857
48,10,15,False,1,sqrt,0.8775510204081632
49,10,15,False,2,sqrt,0.8775510204081632
50,10,15,False,3,sqrt,0.8775510204081632
51,10,15,False,1,log2,0.8775510204081632
52,10,15,False,2,log2,0.8775510204081632
53,10,15,False,3,log2,0.8775510204081632
54,10,20,True,1,auto,0.8367346938775511
55,10,20,True,2,auto,0.8367346938775511
56,10,20,True,3,auto,0.8469387755102041
57,10,20,True,1,sqrt,0.8163265306122449
58,10,20,True,2,sqrt,0.8163265306122449
59,10,20,True,3,sqrt,0.8367346938775511
60,10,20,True,1,log2,0.8163265306122449
61,10,20,True,2,log2,0.8163265306122449
62,10,20,True,3,log2,0.8367346938775511
63,10,20,False,1,auto,0.7857142857142857
64,10,20,False,2,auto,0.7857142857142857
65,10,20,False,3,auto,0.7857142857142857
66,10,20,False,1,sqrt,0.8775510204081632
67,10,20,False,2,sqrt,0.8775510204081632
68,10,20,False,3,sqrt,0.8775510204081632
69,10,20,False,1,log2,0.8775510204081632
70,10,20,False,2,log2,0.8775510204081632
71,10,20,False,3,log2,0.8775510204081632
72,10,25,True,1,auto,0.8367346938775511
73,10,25,True,2,auto,0.8367346938775511
74,10,25,True,3,auto,0.8469387755102041
75,10,25,True,1,sqrt,0.8163265306122449
76,10,25,True,2,sqrt,0.8163265306122449
77,10,25,True,3,sqrt,0.8367346938775511
78,10,25,True,1,log2,0.8163265306122449
79,10,25,True,2,log2,0.8163265306122449
80,10,25,True,3,log2,0.8367346938775511
81,10,25,False,1,auto,0.7857142857142857
82,10,25,False,2,auto,0.7857142857142857
83,10,25,False,3,auto,0.7857142857142857
84,10,25,False,1,sqrt,0.8775510204081632
85,10,25,False,2,sqrt,0.8775510204081632
86,10,25,False,3,sqrt,0.8775510204081632
87,10,25,False,1,log2,0.8775510204081632
88,10,25,False,2,log2,0.8775510204081632
89,10,25,False,3,log2,0.8775510204081632
90,10,30,True,1,auto,0.8367346938775511
91,10,30,True,2,auto,0.8367346938775511
92,10,30,True,3,auto,0.8469387755102041
93,10,30,True,1,sqrt,0.8163265306122449
94,10,30,True,2,sqrt,0.8163265306122449
95,10,30,True,3,sqrt,0.8367346938775511
96,10,30,True,1,log2,0.8163265306122449
97,10,30,True,2,log2,0.8163265306122449
98,10,30,True,3,log2,0.8367346938775511
99,10,30,False,1,auto,0.7857142857142857
100,10,30,False,2,auto,0.7857142857142857
101,10,30,False,3,auto,0.7857142857142857
102,10,30,False,1,sqrt,0.8775510204081632
103,10,30,False,2,sqrt,0.8775510204081632
104,10,30,False,3,sqrt,0.8775510204081632
105,10,30,False,1,log2,0.8775510204081632
106,10,30,False,2,log2,0.8775510204081632
107,10,30,False,3,log2,0.8775510204081632
108,25,5,True,1,auto,0.8673469387755102
109,25,5,True,2,auto,0.8673469387755102
110,25,5,True,3,auto,0.8673469387755102
111,25,5,True,1,sqrt,0.826530612244898
112,25,5,True,2,sqrt,0.826530612244898
113,25,5,True,3,sqrt,0.8367346938775511
114,25,5,True,1,log2,0.826530612244898
115,25,5,True,2,log2,0.826530612244898
116,25,5,True,3,log2,0.8367346938775511
117,25,5,False,1,auto,0.826530612244898
118,25,5,False,2,auto,0.826530612244898
119,25,5,False,3,auto,0.826530612244898
120,25,5,False,1,sqrt,0.8571428571428571
121,25,5,False,2,sqrt,0.8571428571428571
122,25,5,False,3,sqrt,0.826530612244898
123,25,5,False,1,log2,0.8571428571428571
124,25,5,False,2,log2,0.8571428571428571
125,25,5,False,3,log2,0.826530612244898
126,25,10,True,1,auto,0.8469387755102041
127,25,10,True,2,auto,0.8469387755102041
128,25,10,True,3,auto,0.8571428571428571
129,25,10,True,1,sqrt,0.8367346938775511
130,25,10,True,2,sqrt,0.8367346938775511
131,25,10,True,3,sqrt,0.8469387755102041
132,25,10,True,1,log2,0.8367346938775511
133,25,10,True,2,log2,0.8367346938775511
134,25,10,True,3,log2,0.8469387755102041
135,25,10,False,1,auto,0.7959183673469388
136,25,10,False,2,auto,0.7959183673469388
137,25,10,False,3,auto,0.7959183673469388
138,25,10,False,1,sqrt,0.8877551020408163
139,25,10,False,2,sqrt,0.8877551020408163
140,25,10,False,3,sqrt,0.8775510204081632
141,25,10,False,1,log2,0.8877551020408163
142,25,10,False,2,log2,0.8877551020408163
143,25,10,False,3,log2,0.8775510204081632
144,25,15,True,1,auto,0.8469387755102041
145,25,15,True,2,auto,0.8469387755102041
146,25,15,True,3,auto,0.8571428571428571
147,25,15,True,1,sqrt,0.8367346938775511
148,25,15,True,2,sqrt,0.8367346938775511
149,25,15,True,3,sqrt,0.8469387755102041
150,25,15,True,1,log2,0.8367346938775511
151,25,15,True,2,log2,0.8367346938775511
152,25,15,True,3,log2,0.8469387755102041
153,25,15,False,1,auto,0.7959183673469388
154,25,15,False,2,auto,0.7959183673469388
155,25,15,False,3,auto,0.7959183673469388
156,25,15,False,1,sqrt,0.8877551020408163
157,25,15,False,2,sqrt,0.8877551020408163
158,25,15,False,3,sqrt,0.8775510204081632
159,25,15,False,1,log2,0.8877551020408163
160,25,15,False,2,log2,0.8877551020408163
161,25,15,False,3,log2,0.8775510204081632
162,25,20,True,1,auto,0.8469387755102041
163,25,20,True,2,auto,0.8469387755102041
164,25,20,True,3,auto,0.8571428571428571
165,25,20,True,1,sqrt,0.8367346938775511
166,25,20,True,2,sqrt,0.8367346938775511
167,25,20,True,3,sqrt,0.8469387755102041
168,25,20,True,1,log2,0.8367346938775511
169,25,20,True,2,log2,0.8367346938775511
170,25,20,True,3,log2,0.8469387755102041
171,25,20,False,1,auto,0.7959183673469388
172,25,20,False,2,auto,0.7959183673469388
173,25,20,False,3,auto,0.7959183673469388
174,25,20,False,1,sqrt,0.8877551020408163
175,25,20,False,2,sqrt,0.8877551020408163
176,25,20,False,3,sqrt,0.8775510204081632
177,25,20,False,1,log2,0.8877551020408163
178,25,20,False,2,log2,0.8877551020408163
179,25,20,False,3,log2,0.8775510204081632
180,25,25,True,1,auto,0.8469387755102041
181,25,25,True,2,auto,0.8469387755102041
182,25,25,True,3,auto,0.8571428571428571
183,25,25,True,1,sqrt,0.8367346938775511
184,25,25,True,2,sqrt,0.8367346938775511
185,25,25,True,3,sqrt,0.8469387755102041
186,25,25,True,1,log2,0.8367346938775511
187,25,25,True,2,log2,0.8367346938775511
188,25,25,True,3,log2,0.8469387755102041
189,25,25,False,1,auto,0.7959183673469388
190,25,25,False,2,auto,0.7959183673469388
191,25,25,False,3,auto,0.7959183673469388
192,25,25,False,1,sqrt,0.8877551020408163
193,25,25,False,2,sqrt,0.8877551020408163
194,25,25,False,3,sqrt,0.8775510204081632
195,25,25,False,1,log2,0.8877551020408163
196,25,25,False,2,log2,0.8877551020408163
197,25,25,False,3,log2,0.8775510204081632
198,25,30,True,1,auto,0.8469387755102041
199,25,30,True,2,auto,0.8469387755102041
200,25,30,True,3,auto,0.8571428571428571
201,25,30,True,1,sqrt,0.8367346938775511
202,25,30,True,2,sqrt,0.8367346938775511
203,25,30,True,3,sqrt,0.8469387755102041
204,25,30,True,1,log2,0.8367346938775511
205,25,30,True,2,log2,0.8367346938775511
206,25,30,True,3,log2,0.8469387755102041
207,25,30,False,1,auto,0.7959183673469388
208,25,30,False,2,auto,0.7959183673469388
209,25,30,False,3,auto,0.7959183673469388
210,25,30,False,1,sqrt,0.8877551020408163
211,25,30,False,2,sqrt,0.8877551020408163
212,25,30,False,3,sqrt,0.8775510204081632
213,25,30,False,1,log2,0.8877551020408163
214,25,30,False,2,log2,0.8877551020408163
215,25,30,False,3,log2,0.8775510204081632
216,50,5,True,1,auto,0.8673469387755102
217,50,5,True,2,auto,0.8673469387755102
218,50,5,True,3,auto,0.8673469387755102
219,50,5,True,1,sqrt,0.8367346938775511
220,50,5,True,2,sqrt,0.8367346938775511
221,50,5,True,3,sqrt,0.8367346938775511
222,50,5,True,1,log2,0.8367346938775511
223,50,5,True,2,log2,0.8367346938775511
224,50,5,True,3,log2,0.8367346938775511
225,50,5,False,1,auto,0.8163265306122449
226,50,5,False,2,auto,0.8163265306122449
227,50,5,False,3,auto,0.8163265306122449
228,50,5,False,1,sqrt,0.8775510204081632
229,50,5,False,2,sqrt,0.8775510204081632
230,50,5,False,3,sqrt,0.8673469387755102
231,50,5,False,1,log2,0.8775510204081632
232,50,5,False,2,log2,0.8775510204081632
233,50,5,False,3,log2,0.8673469387755102
234,50,10,True,1,auto,0.8673469387755102
235,50,10,True,2,auto,0.8673469387755102
236,50,10,True,3,auto,0.8673469387755102
237,50,10,True,1,sqrt,0.8571428571428571
238,50,10,True,2,sqrt,0.8571428571428571
239,50,10,True,3,sqrt,0.8673469387755102
240,50,10,True,1,log2,0.8571428571428571
241,50,10,True,2,log2,0.8571428571428571
242,50,10,True,3,log2,0.8673469387755102
243,50,10,False,1,auto,0.7959183673469388
244,50,10,False,2,auto,0.7959183673469388
245,50,10,False,3,auto,0.7959183673469388
246,50,10,False,1,sqrt,0.8673469387755102
247,50,10,False,2,sqrt,0.8673469387755102
248,50,10,False,3,sqrt,0.8877551020408163
249,50,10,False,1,log2,0.8673469387755102
250,50,10,False,2,log2,0.8673469387755102
251,50,10,False,3,log2,0.8877551020408163
252,50,15,True,1,auto,0.8673469387755102
253,50,15,True,2,auto,0.8673469387755102
254,50,15,True,3,auto,0.8673469387755102
255,50,15,True,1,sqrt,0.8469387755102041
256,50,15,True,2,sqrt,0.8469387755102041
257,50,15,True,3,sqrt,0.8877551020408163
258,50,15,True,1,log2,0.8469387755102041
259,50,15,True,2,log2,0.8469387755102041
260,50,15,True,3,log2,0.8877551020408163
261,50,15,False,1,auto,0.7959183673469388
262,50,15,False,2,auto,0.7959183673469388
263,50,15,False,3,auto,0.7959183673469388
264,50,15,False,1,sqrt,0.8673469387755102
265,50,15,False,2,sqrt,0.8673469387755102
266,50,15,False,3,sqrt,0.8877551020408163
267,50,15,False,1,log2,0.8673469387755102
268,50,15,False,2,log2,0.8673469387755102
269,50,15,False,3,log2,0.8877551020408163
270,50,20,True,1,auto,0.8673469387755102
271,50,20,True,2,auto,0.8673469387755102
272,50,20,True,3,auto,0.8673469387755102
273,50,20,True,1,sqrt,0.8469387755102041
274,50,20,True,2,sqrt,0.8469387755102041
275,50,20,True,3,sqrt,0.8877551020408163
276,50,20,True,1,log2,0.8469387755102041
277,50,20,True,2,log2,0.8469387755102041
278,50,20,True,3,log2,0.8877551020408163
279,50,20,False,1,auto,0.7959183673469388
280,50,20,False,2,auto,0.7959183673469388
281,50,20,False,3,auto,0.7959183673469388
282,50,20,False,1,sqrt,0.8673469387755102
283,50,20,False,2,sqrt,0.8673469387755102
284,50,20,False,3,sqrt,0.8877551020408163
285,50,20,False,1,log2,0.8673469387755102
286,50,20,False,2,log2,0.8673469387755102
287,50,20,False,3,log2,0.8877551020408163
288,50,25,True,1,auto,0.8673469387755102
289,50,25,True,2,auto,0.8673469387755102
290,50,25,True,3,auto,0.8673469387755102
291,50,25,True,1,sqrt,0.8469387755102041
292,50,25,True,2,sqrt,0.8469387755102041
293,50,25,True,3,sqrt,0.8877551020408163
294,50,25,True,1,log2,0.8469387755102041
295,50,25,True,2,log2,0.8469387755102041
296,50,25,True,3,log2,0.8877551020408163
297,50,25,False,1,auto,0.7959183673469388
298,50,25,False,2,auto,0.7959183673469388
299,50,25,False,3,auto,0.7959183673469388
300,50,25,False,1,sqrt,0.8673469387755102
301,50,25,False,2,sqrt,0.8673469387755102
302,50,25,False,3,sqrt,0.8877551020408163
303,50,25,False,1,log2,0.8673469387755102
304,50,25,False,2,log2,0.8673469387755102
305,50,25,False,3,log2,0.8877551020408163
306,50,30,True,1,auto,0.8673469387755102
307,50,30,True,2,auto,0.8673469387755102
308,50,30,True,3,auto,0.8673469387755102
309,50,30,True,1,sqrt,0.8469387755102041
310,50,30,True,2,sqrt,0.8469387755102041
311,50,30,True,3,sqrt,0.8877551020408163
312,50,30,True,1,log2,0.8469387755102041
313,50,30,True,2,log2,0.8469387755102041
314,50,30,True,3,log2,0.8877551020408163
315,50,30,False,1,auto,0.7959183673469388
316,50,30,False,2,auto,0.7959183673469388
317,50,30,False,3,auto,0.7959183673469388
318,50,30,False,1,sqrt,0.8673469387755102
319,50,30,False,2,sqrt,0.8673469387755102
320,50,30,False,3,sqrt,0.8877551020408163
321,50,30,False,1,log2,0.8673469387755102
322,50,30,False,2,log2,0.8673469387755102
323,50,30,False,3,log2,0.8877551020408163
324,100,5,True,1,auto,0.8673469387755102
325,100,5,True,2,auto,0.8673469387755102
326,100,5,True,3,auto,0.8673469387755102
327,100,5,True,1,sqrt,0.8367346938775511
328,100,5,True,2,sqrt,0.8367346938775511
329,100,5,True,3,sqrt,0.8367346938775511
330,100,5,True,1,log2,0.8367346938775511
331,100,5,True,2,log2,0.8367346938775511
332,100,5,True,3,log2,0.8367346938775511
333,100,5,False,1,auto,0.8163265306122449
334,100,5,False,2,auto,0.8163265306122449
335,100,5,False,3,auto,0.8163265306122449
336,100,5,False,1,sqrt,0.8979591836734694
337,100,5,False,2,sqrt,0.8979591836734694
338,100,5,False,3,sqrt,0.8775510204081632
339,100,5,False,1,log2,0.8979591836734694
340,100,5,False,2,log2,0.8979591836734694
341,100,5,False,3,log2,0.8775510204081632
342,100,10,True,1,auto,0.8673469387755102
343,100,10,True,2,auto,0.8673469387755102
344,100,10,True,3,auto,0.8673469387755102
345,100,10,True,1,sqrt,0.8367346938775511
346,100,10,True,2,sqrt,0.8367346938775511
347,100,10,True,3,sqrt,0.8469387755102041
348,100,10,True,1,log2,0.8367346938775511
349,100,10,True,2,log2,0.8367346938775511
350,100,10,True,3,log2,0.8469387755102041
351,100,10,False,1,auto,0.7959183673469388
352,100,10,False,2,auto,0.7959183673469388
353,100,10,False,3,auto,0.7959183673469388
354,100,10,False,1,sqrt,0.8775510204081632
355,100,10,False,2,sqrt,0.8775510204081632
356,100,10,False,3,sqrt,0.8673469387755102
357,100,10,False,1,log2,0.8775510204081632
358,100,10,False,2,log2,0.8775510204081632
359,100,10,False,3,log2,0.8673469387755102
360,100,15,True,1,auto,0.8673469387755102
361,100,15,True,2,auto,0.8673469387755102
362,100,15,True,3,auto,0.8673469387755102
363,100,15,True,1,sqrt,0.8367346938775511
364,100,15,True,2,sqrt,0.8367346938775511
365,100,15,True,3,sqrt,0.8469387755102041
366,100,15,True,1,log2,0.8367346938775511
367,100,15,True,2,log2,0.8367346938775511
368,100,15,True,3,log2,0.8469387755102041
369,100,15,False,1,auto,0.7959183673469388
370,100,15,False,2,auto,0.7959183673469388
371,100,15,False,3,auto,0.7959183673469388
372,100,15,False,1,sqrt,0.8673469387755102
373,100,15,False,2,sqrt,0.8673469387755102
374,100,15,False,3,sqrt,0.8775510204081632
375,100,15,False,1,log2,0.8673469387755102
376,100,15,False,2,log2,0.8673469387755102
377,100,15,False,3,log2,0.8775510204081632
378,100,20,True,1,auto,0.8673469387755102
379,100,20,True,2,auto,0.8673469387755102
380,100,20,True,3,auto,0.8673469387755102
381,100,20,True,1,sqrt,0.8367346938775511
382,100,20,True,2,sqrt,0.8367346938775511
383,100,20,True,3,sqrt,0.8469387755102041
384,100,20,True,1,log2,0.8367346938775511
385,100,20,True,2,log2,0.8367346938775511
386,100,20,True,3,log2,0.8469387755102041
387,100,20,False,1,auto,0.7959183673469388
388,100,20,False,2,auto,0.7959183673469388
389,100,20,False,3,auto,0.7959183673469388
390,100,20,False,1,sqrt,0.8673469387755102
391,100,20,False,2,sqrt,0.8673469387755102
392,100,20,False,3,sqrt,0.8775510204081632
393,100,20,False,1,log2,0.8673469387755102
394,100,20,False,2,log2,0.8673469387755102
395,100,20,False,3,log2,0.8775510204081632
396,100,25,True,1,auto,0.8673469387755102
397,100,25,True,2,auto,0.8673469387755102
398,100,25,True,3,auto,0.8673469387755102
399,100,25,True,1,sqrt,0.8367346938775511
400,100,25,True,2,sqrt,0.8367346938775511
401,100,25,True,3,sqrt,0.8469387755102041
402,100,25,True,1,log2,0.8367346938775511
403,100,25,True,2,log2,0.8367346938775511
404,100,25,True,3,log2,0.8469387755102041
405,100,25,False,1,auto,0.7959183673469388
406,100,25,False,2,auto,0.7959183673469388
407,100,25,False,3,auto,0.7959183673469388
408,100,25,False,1,sqrt,0.8673469387755102
409,100,25,False,2,sqrt,0.8673469387755102
410,100,25,False,3,sqrt,0.8775510204081632
411,100,25,False,1,log2,0.8673469387755102
412,100,25,False,2,log2,0.8673469387755102
413,100,25,False,3,log2,0.8775510204081632
414,100,30,True,1,auto,0.8673469387755102
415,100,30,True,2,auto,0.8673469387755102
416,100,30,True,3,auto,0.8673469387755102
417,100,30,True,1,sqrt,0.8367346938775511
418,100,30,True,2,sqrt,0.8367346938775511
419,100,30,True,3,sqrt,0.8469387755102041
420,100,30,True,1,log2,0.8367346938775511
421,100,30,True,2,log2,0.8367346938775511
422,100,30,True,3,log2,0.8469387755102041
423,100,30,False,1,auto,0.7959183673469388
424,100,30,False,2,auto,0.7959183673469388
425,100,30,False,3,auto,0.7959183673469388
426,100,30,False,1,sqrt,0.8673469387755102
427,100,30,False,2,sqrt,0.8673469387755102
428,100,30,False,3,sqrt,0.8775510204081632
429,100,30,False,1,log2,0.8673469387755102
430,100,30,False,2,log2,0.8673469387755102
431,100,30,False,3,log2,0.8775510204081632
432,150,5,True,1,auto,0.8673469387755102
433,150,5,True,2,auto,0.8673469387755102
434,150,5,True,3,auto,0.8673469387755102
435,150,5,True,1,sqrt,0.8469387755102041
436,150,5,True,2,sqrt,0.8469387755102041
437,150,5,True,3,sqrt,0.8469387755102041
438,150,5,True,1,log2,0.8469387755102041
439,150,5,True,2,log2,0.8469387755102041
440,150,5,True,3,log2,0.8469387755102041
441,150,5,False,1,auto,0.8163265306122449
442,150,5,False,2,auto,0.8163265306122449
443,150,5,False,3,auto,0.8163265306122449
444,150,5,False,1,sqrt,0.8775510204081632
445,150,5,False,2,sqrt,0.8775510204081632
446,150,5,False,3,sqrt,0.8877551020408163
447,150,5,False,1,log2,0.8775510204081632
448,150,5,False,2,log2,0.8775510204081632
449,150,5,False,3,log2,0.8877551020408163
450,150,10,True,1,auto,0.8673469387755102
451,150,10,True,2,auto,0.8673469387755102
452,150,10,True,3,auto,0.8673469387755102
453,150,10,True,1,sqrt,0.8571428571428571
454,150,10,True,2,sqrt,0.8571428571428571
455,150,10,True,3,sqrt,0.8571428571428571
456,150,10,True,1,log2,0.8571428571428571
457,150,10,True,2,log2,0.8571428571428571
458,150,10,True,3,log2,0.8571428571428571
459,150,10,False,1,auto,0.7857142857142857
460,150,10,False,2,auto,0.7857142857142857
461,150,10,False,3,auto,0.7857142857142857
462,150,10,False,1,sqrt,0.8775510204081632
463,150,10,False,2,sqrt,0.8775510204081632
464,150,10,False,3,sqrt,0.8673469387755102
465,150,10,False,1,log2,0.8775510204081632
466,150,10,False,2,log2,0.8775510204081632
467,150,10,False,3,log2,0.8673469387755102
468,150,15,True,1,auto,0.8673469387755102
469,150,15,True,2,auto,0.8673469387755102
470,150,15,True,3,auto,0.8673469387755102
471,150,15,True,1,sqrt,0.8571428571428571
472,150,15,True,2,sqrt,0.8571428571428571
473,150,15,True,3,sqrt,0.8571428571428571
474,150,15,True,1,log2,0.8571428571428571
475,150,15,True,2,log2,0.8571428571428571
476,150,15,True,3,log2,0.8571428571428571
477,150,15,False,1,auto,0.7857142857142857
478,150,15,False,2,auto,0.7857142857142857
479,150,15,False,3,auto,0.7857142857142857
480,150,15,False,1,sqrt,0.8775510204081632
481,150,15,False,2,sqrt,0.8775510204081632
482,150,15,False,3,sqrt,0.8673469387755102
483,150,15,False,1,log2,0.8775510204081632
484,150,15,False,2,log2,0.8775510204081632
485,150,15,False,3,log2,0.8673469387755102
486,150,20,True,1,auto,0.8673469387755102
487,150,20,True,2,auto,0.8673469387755102
488,150,20,True,3,auto,0.8673469387755102
489,150,20,True,1,sqrt,0.8571428571428571
490,150,20,True,2,sqrt,0.8571428571428571
491,150,20,True,3,sqrt,0.8571428571428571
492,150,20,True,1,log2,0.8571428571428571
493,150,20,True,2,log2,0.8571428571428571
494,150,20,True,3,log2,0.8571428571428571
495,150,20,False,1,auto,0.7857142857142857
496,150,20,False,2,auto,0.7857142857142857
497,150,20,False,3,auto,0.7857142857142857
498,150,20,False,1,sqrt,0.8775510204081632
499,150,20,False,2,sqrt,0.8775510204081632
500,150,20,False,3,sqrt,0.8673469387755102
501,150,20,False,1,log2,0.8775510204081632
502,150,20,False,2,log2,0.8775510204081632
503,150,20,False,3,log2,0.8673469387755102
504,150,25,True,1,auto,0.8673469387755102
505,150,25,True,2,auto,0.8673469387755102
506,150,25,True,3,auto,0.8673469387755102
507,150,25,True,1,sqrt,0.8571428571428571
508,150,25,True,2,sqrt,0.8571428571428571
509,150,25,True,3,sqrt,0.8571428571428571
510,150,25,True,1,log2,0.8571428571428571
511,150,25,True,2,log2,0.8571428571428571
512,150,25,True,3,log2,0.8571428571428571
513,150,25,False,1,auto,0.7857142857142857
514,150,25,False,2,auto,0.7857142857142857
515,150,25,False,3,auto,0.7857142857142857
516,150,25,False,1,sqrt,0.8775510204081632
517,150,25,False,2,sqrt,0.8775510204081632
518,150,25,False,3,sqrt,0.8673469387755102
519,150,25,False,1,log2,0.8775510204081632
520,150,25,False,2,log2,0.8775510204081632
521,150,25,False,3,log2,0.8673469387755102
522,150,30,True,1,auto,0.8673469387755102
523,150,30,True,2,auto,0.8673469387755102
524,150,30,True,3,auto,0.8673469387755102
525,150,30,True,1,sqrt,0.8571428571428571
526,150,30,True,2,sqrt,0.8571428571428571
527,150,30,True,3,sqrt,0.8571428571428571
528,150,30,True,1,log2,0.8571428571428571
529,150,30,True,2,log2,0.8571428571428571
530,150,30,True,3,log2,0.8571428571428571
531,150,30,False,1,auto,0.7857142857142857
532,150,30,False,2,auto,0.7857142857142857
533,150,30,False,3,auto,0.7857142857142857
534,150,30,False,1,sqrt,0.8775510204081632
535,150,30,False,2,sqrt,0.8775510204081632
536,150,30,False,3,sqrt,0.8673469387755102
537,150,30,False,1,log2,0.8775510204081632
538,150,30,False,2,log2,0.8775510204081632
539,150,30,False,3,log2,0.8673469387755102
540,200,5,True,1,auto,0.8673469387755102
541,200,5,True,2,auto,0.8673469387755102
542,200,5,True,3,auto,0.8673469387755102
543,200,5,True,1,sqrt,0.8367346938775511
544,200,5,True,2,sqrt,0.8367346938775511
545,200,5,True,3,sqrt,0.8469387755102041
546,200,5,True,1,log2,0.8367346938775511
547,200,5,True,2,log2,0.8367346938775511
548,200,5,True,3,log2,0.8469387755102041
549,200,5,False,1,auto,0.8163265306122449
550,200,5,False,2,auto,0.8163265306122449
551,200,5,False,3,auto,0.8163265306122449
552,200,5,False,1,sqrt,0.8877551020408163
553,200,5,False,2,sqrt,0.8877551020408163
554,200,5,False,3,sqrt,0.8877551020408163
555,200,5,False,1,log2,0.8877551020408163
556,200,5,False,2,log2,0.8877551020408163
557,200,5,False,3,log2,0.8877551020408163
558,200,10,True,1,auto,0.8673469387755102
559,200,10,True,2,auto,0.8673469387755102
560,200,10,True,3,auto,0.8673469387755102
561,200,10,True,1,sqrt,0.8571428571428571
562,200,10,True,2,sqrt,0.8571428571428571
563,200,10,True,3,sqrt,0.8571428571428571
564,200,10,True,1,log2,0.8571428571428571
565,200,10,True,2,log2,0.8571428571428571
566,200,10,True,3,log2,0.8571428571428571
567,200,10,False,1,auto,0.7857142857142857
568,200,10,False,2,auto,0.7857142857142857
569,200,10,False,3,auto,0.7857142857142857
570,200,10,False,1,sqrt,0.8775510204081632
571,200,10,False,2,sqrt,0.8775510204081632
572,200,10,False,3,sqrt,0.8673469387755102
573,200,10,False,1,log2,0.8775510204081632
574,200,10,False,2,log2,0.8775510204081632
575,200,10,False,3,log2,0.8673469387755102
576,200,15,True,1,auto,0.8673469387755102
577,200,15,True,2,auto,0.8673469387755102
578,200,15,True,3,auto,0.8673469387755102
579,200,15,True,1,sqrt,0.8571428571428571
580,200,15,True,2,sqrt,0.8571428571428571
581,200,15,True,3,sqrt,0.8571428571428571
582,200,15,True,1,log2,0.8571428571428571
583,200,15,True,2,log2,0.8571428571428571
584,200,15,True,3,log2,0.8571428571428571
585,200,15,False,1,auto,0.7857142857142857
586,200,15,False,2,auto,0.7857142857142857
587,200,15,False,3,auto,0.7857142857142857
588,200,15,False,1,sqrt,0.8775510204081632
589,200,15,False,2,sqrt,0.8775510204081632
590,200,15,False,3,sqrt,0.8673469387755102
591,200,15,False,1,log2,0.8775510204081632
592,200,15,False,2,log2,0.8775510204081632
593,200,15,False,3,log2,0.8673469387755102
594,200,20,True,1,auto,0.8673469387755102
595,200,20,True,2,auto,0.8673469387755102
596,200,20,True,3,auto,0.8673469387755102
597,200,20,True,1,sqrt,0.8571428571428571
598,200,20,True,2,sqrt,0.8571428571428571
599,200,20,True,3,sqrt,0.8571428571428571
600,200,20,True,1,log2,0.8571428571428571
601,200,20,True,2,log2,0.8571428571428571
602,200,20,True,3,log2,0.8571428571428571
603,200,20,False,1,auto,0.7857142857142857
604,200,20,False,2,auto,0.7857142857142857
605,200,20,False,3,auto,0.7857142857142857
606,200,20,False,1,sqrt,0.8775510204081632
607,200,20,False,2,sqrt,0.8775510204081632
608,200,20,False,3,sqrt,0.8673469387755102
609,200,20,False,1,log2,0.8775510204081632
610,200,20,False,2,log2,0.8775510204081632
611,200,20,False,3,log2,0.8673469387755102
612,200,25,True,1,auto,0.8673469387755102
613,200,25,True,2,auto,0.8673469387755102
614,200,25,True,3,auto,0.8673469387755102
615,200,25,True,1,sqrt,0.8571428571428571
616,200,25,True,2,sqrt,0.8571428571428571
617,200,25,True,3,sqrt,0.8571428571428571
618,200,25,True,1,log2,0.8571428571428571
619,200,25,True,2,log2,0.8571428571428571
620,200,25,True,3,log2,0.8571428571428571
621,200,25,False,1,auto,0.7857142857142857
622,200,25,False,2,auto,0.7857142857142857
623,200,25,False,3,auto,0.7857142857142857
624,200,25,False,1,sqrt,0.8775510204081632
625,200,25,False,2,sqrt,0.8775510204081632
626,200,25,False,3,sqrt,0.8673469387755102
627,200,25,False,1,log2,0.8775510204081632
628,200,25,False,2,log2,0.8775510204081632
629,200,25,False,3,log2,0.8673469387755102
630,200,30,True,1,auto,0.8673469387755102
631,200,30,True,2,auto,0.8673469387755102
632,200,30,True,3,auto,0.8673469387755102
633,200,30,True,1,sqrt,0.8571428571428571
634,200,30,True,2,sqrt,0.8571428571428571
635,200,30,True,3,sqrt,0.8571428571428571
636,200,30,True,1,log2,0.8571428571428571
637,200,30,True,2,log2,0.8571428571428571
638,200,30,True,3,log2,0.8571428571428571
639,200,30,False,1,auto,0.7857142857142857
640,200,30,False,2,auto,0.7857142857142857
641,200,30,False,3,auto,0.7857142857142857
642,200,30,False,1,sqrt,0.8775510204081632
643,200,30,False,2,sqrt,0.8775510204081632
644,200,30,False,3,sqrt,0.8673469387755102
645,200,30,False,1,log2,0.8775510204081632
646,200,30,False,2,log2,0.8775510204081632
647,200,30,False,3,log2,0.8673469387755102
